Age_Categories,Sex_of_driver,Educational_level,Vehicle_driver_relation,Driving_experience,Lanes_or_Medians,Types_of_Junction,Road_surface_type,Light_conditions,Weather_conditions,Type_of_collision,Vehicle_movement,Pedestrian_movement,Cause_of_accident,Accident_severity
18-30,Male,Junior high school,Employee,Above 10yr,Two-way (divided with broken lines road marking),No junction,Asphalt roads,Daylight,Normal,Collision with roadside objects,Going straight,Not a Pedestrian,Driving to the left,2
18-30,Male,Junior high school,Employee,Above 10yr,Undivided Two way,No junction,Asphalt roads,Daylight,Normal,Vehicle with vehicle collision,Moving Backward,Not a Pedestrian,No distancing,2
31-50,Male,Junior high school,Employee,5-10yr,Undivided Two way,Y Shape,Asphalt roads,Daylight,Normal,Vehicle with vehicle collision,Going straight,Not a Pedestrian,Overtaking,2
Under 18,Male,Junior high school,Employee,1-2yr,Double carriageway (median),Y Shape,Asphalt roads,Daylight,Normal,Collision with roadside objects,Going straight,Not a Pedestrian,Driving under the influence of drugs,2
31-50,Male,,Employee,Below 1yr,Undivided Two way,Y Shape,Asphalt roads,Daylight,Raining,Collision with roadside objects,Going straight,Not a Pedestrian,No priority to pedestrian,2
31-50,Male,Junior high school,Employee,Below 1yr,Undivided Two way,Crossing,Asphalt roads,Daylight,Raining,Vehicle with vehicle collision,Going straight,Not a Pedestrian,Moving Backward,2
31-50,Male,High school,Employee,2-5yr,other,Crossing,Asphalt roads,Daylight,Normal,Collision with pedestrians,Other,Not a Pedestrian,Changing lane to the right,1
Over 51,Male,Junior high school,Owner,1-2yr,Two-way (divided with broken lines road marking),Crossing,Asphalt roads,Daylight,Normal,Vehicle with vehicle collision,,Not a Pedestrian,Changing lane to the left,1
Under 18,Male,Junior high school,Employee,5-10yr,Two-way (divided with broken lines road marking),Y Shape,Asphalt roads,Daylight,Normal,Vehicle with vehicle collision,Going straight,Not a Pedestrian,Changing lane to the right,2
18-30,Male,Elementary school,Employee,2-5yr,Undivided Two way,Y Shape,Asphalt roads,Daylight,Normal,Vehicle with vehicle collision,Turnover,Not a Pedestrian,Driving under the influence of drugs,2
31-50,Male,Elementary school,Owner,5-10yr,Double carriageway (median),Y Shape,Asphalt roads,Daylight,Normal,Vehicle with vehicle collision,Going straight,"In carriageway, statioNot a Pedestrianry - not crossing  (standing or playing)",No priority to vehicle,2
18-30,Male,Junior high school,Employee,Above 10yr,Double carriageway (median),Y Shape,Asphalt roads,Daylight,Normal,Vehicle with vehicle collision,Moving Backward,Crossing from offside - masked by  parked or statioNot a Pedestrianry vehicle,No priority to vehicle,2
18-30,Male,Junior high school,Employee,5-10yr,Two-way (divided with broken lines road marking),Y Shape,Asphalt roads,Daylight,Normal,Collision with roadside objects,Moving Backward,Crossing from offside - masked by  parked or statioNot a Pedestrianry vehicle,Changing lane to the left,1
18-30,Male,High school,Employee,5-10yr,Two-way (divided with broken lines road marking),Y Shape,Asphalt roads,Daylight,Normal,Collision with roadside objects,Going straight,Not a Pedestrian,Changing lane to the right,1
18-30,Male,Junior high school,Employee,5-10yr,Two-way (divided with broken lines road marking),Crossing,Asphalt roads,Daylight,Normal,Vehicle with vehicle collision,Other,Not a Pedestrian,Changing lane to the right,1
31-50,Male,Junior high school,Employee,Above 10yr,Two-way (divided with broken lines road marking),Crossing,Asphalt roads,Daylight,Normal,Vehicle with vehicle collision,Going straight,Not a Pedestrian,Changing lane to the left,1
18-30,Male,Junior high school,,1-2yr,Double carriageway (median),Y Shape,Asphalt roads,Daylight,Normal,Vehicle with vehicle collision,Going straight,Not a Pedestrian,Changing lane to the left,2
18-30,Male,Junior high school,Employee,2-5yr,Double carriageway (median),Y Shape,Asphalt roads,Daylight,Normal,Vehicle with vehicle collision,Going straight,Not a Pedestrian,Getting off the vehicle improperly,2
31-50,Male,Junior high school,Employee,1-2yr,Two-way (divided with broken lines road marking),Y Shape,Asphalt roads,Daylight,Normal,Vehicle with vehicle collision,Going straight,Not a Pedestrian,Overtaking,1
31-50,Male,,,,Two-way (divided with broken lines road marking),Y Shape,Earth roads,Daylight,Normal,Vehicle with vehicle collision,Going straight,Not a Pedestrian,Changing lane to the left,1
31-50,Male,Elementary school,Employee,5-10yr,Two-way (divided with broken lines road marking),Y Shape,Asphalt roads,Daylight,Normal,Vehicle with vehicle collision,Going straight,Not a Pedestrian,Driving under the influence of drugs,1
18-30,Female,Junior high school,Employee,5-10yr,other,Crossing,Asphalt roads,Daylight,Normal,Vehicle with vehicle collision,Going straight,Not a Pedestrian,Driving carelessly,1
18-30,Male,Junior high school,Employee,Above 10yr,Two-way (divided with broken lines road marking),Y Shape,Asphalt roads,Daylight,Normal,Vehicle with vehicle collision,Going straight,Not a Pedestrian,Moving Backward,2
18-30,Male,Junior high school,Employee,2-5yr,Two-way (divided with broken lines road marking),Y Shape,Asphalt roads,Daylight,Normal,Vehicle with vehicle collision,Other,Not a Pedestrian,No distancing,2
31-50,Male,Junior high school,Owner,Above 10yr,Two-way (divided with broken lines road marking),Y Shape,Asphalt roads,Daylight,Normal,Other,Going straight,Not a Pedestrian,No priority to vehicle,2
18-30,Male,Junior high school,Employee,2-5yr,Two-way (divided with broken lines road marking),No junction,Asphalt roads,Daylight,Normal,Vehicle with vehicle collision,Overtaking,Not a Pedestrian,Overturning,2
Over 51,Male,Elementary school,Other,5-10yr,,No junction,Asphalt roads,Daylight,Normal,Collision with roadside objects,Going straight,Not a Pedestrian,Changing lane to the left,2
31-50,Female,Elementary school,Employee,5-10yr,Two-way (divided with broken lines road marking),Y Shape,Asphalt roads,Daylight,Normal,Vehicle with vehicle collision,Going straight,Not a Pedestrian,No distancing,2
18-30,Male,Junior high school,,5-10yr,Undivided Two way,Y Shape,Asphalt roads,Daylight,Other,Vehicle with vehicle collision,Going straight,Not a Pedestrian,Moving Backward,2
31-50,Male,Junior high school,Employee,5-10yr,Undivided Two way,Y Shape,Asphalt roads,Daylight,Other,Vehicle with vehicle collision,U-Turn,Not a Pedestrian,No priority to vehicle,2
,Male,Elementary school,Employee,Above 10yr,One way,Y Shape,Asphalt roads,Daylight,Other,Vehicle with vehicle collision,Going straight,Not a Pedestrian,No priority to vehicle,2
Over 51,Male,Junior high school,,Below 1yr,Two-way (divided with broken lines road marking),Y Shape,Asphalt roads,Daylight,Other,Vehicle with vehicle collision,Going straight,Not a Pedestrian,No distancing,2
31-50,Male,Junior high school,Employee,5-10yr,One way,Other,Asphalt roads,Daylight,Other,Vehicle with vehicle collision,Going straight,Not a Pedestrian,No distancing,2
31-50,Male,Elementary school,Employee,1-2yr,Two-way (divided with broken lines road marking),Crossing,Asphalt roads,Daylight,Other,Collision with roadside objects,Going straight,Not a Pedestrian,Overtaking,2
Over 51,Male,Junior high school,Employee,Above 10yr,Double carriageway (median),Crossing,Asphalt roads,Daylight,Normal,Collision with roadside objects,Turnover,Not a Pedestrian,Driving under the influence of drugs,1
Over 51,Male,Elementary school,Owner,2-5yr,,No junction,Asphalt roads,Daylight,Normal,Vehicle with vehicle collision,Going straight,Not a Pedestrian,Changing lane to the right,1
18-30,Male,Junior high school,Employee,5-10yr,,No junction,Asphalt roads,Daylight,Normal,Collision with roadside objects,Going straight,Not a Pedestrian,Changing lane to the left,1
18-30,Male,Junior high school,Employee,Below 1yr,other,Crossing,Asphalt roads,Daylight,Normal,Collision with roadside objects,Moving Backward,Not a Pedestrian,Driving carelessly,2
31-50,Male,Junior high school,Employee,5-10yr,,Crossing,Asphalt roads,Daylight,Normal,Vehicle with vehicle collision,Going straight,Not a Pedestrian,Moving Backward,2
31-50,Male,High school,Employee,Above 10yr,One way,Crossing,Asphalt roads,Daylight,Normal,Vehicle with vehicle collision,Moving Backward,Not a Pedestrian,Moving Backward,2
18-30,Male,Junior high school,Employee,5-10yr,Undivided Two way,Crossing,Asphalt roads,Daylight,Raining,Collision with roadside objects,Going straight,Not a Pedestrian,Changing lane to the right,2
31-50,Male,Elementary school,Employee,1-2yr,Two-way (divided with broken lines road marking),Y Shape,Asphalt roads,Daylight,Raining,Vehicle with vehicle collision,Going straight,Not a Pedestrian,No priority to vehicle,2
Over 51,Male,Junior high school,Employee,,Two-way (divided with broken lines road marking),Y Shape,Asphalt roads,Daylight,Normal,Vehicle with vehicle collision,Going straight,Not a Pedestrian,Driving at high speed,2
Over 51,Male,Above high school,Employee,1-2yr,Two-way (divided with broken lines road marking),Y Shape,Asphalt roads,Daylight,Normal,Vehicle with vehicle collision,Going straight,Not a Pedestrian,Driving under the influence of drugs,2
Over 51,Male,Junior high school,Employee,Above 10yr,Two-way (divided with broken lines road marking),Y Shape,Asphalt roads,Daylight,Normal,Vehicle with vehicle collision,U-Turn,Not a Pedestrian,Changing lane to the right,2
Over 51,Male,Junior high school,Employee,1-2yr,other,Y Shape,Asphalt roads,Daylight,Normal,Vehicle with vehicle collision,Going straight,Not a Pedestrian,Driving carelessly,2
Over 51,Male,Junior high school,Employee,5-10yr,other,Y Shape,Asphalt roads,Daylight,Normal,Vehicle with vehicle collision,Going straight,Not a Pedestrian,No distancing,2
31-50,Female,Junior high school,Employee,2-5yr,Two-way (divided with broken lines road marking),Crossing,Asphalt roads,Daylight,Normal,Collision with pedestrians,Going straight,Not a Pedestrian,Changing lane to the left,2
Over 51,Female,,,,Undivided Two way,Crossing,Asphalt roads,Darkness - lights lit,Normal,Vehicle with vehicle collision,Going straight,Not a Pedestrian,No distancing,2
18-30,Male,Junior high school,Employee,2-5yr,other,Crossing,Asphalt roads,Darkness - lights lit,Normal,Collision with roadside objects,Going straight,Not a Pedestrian,No distancing,2
,Male,Junior high school,Employee,2-5yr,other,Crossing,Asphalt roads,Darkness - lights lit,Normal,Vehicle with vehicle collision,Going straight,Not a Pedestrian,Getting off the vehicle improperly,2
,Male,Junior high school,Employee,Above 10yr,Undivided Two way,Crossing,Asphalt roads,Darkness - lights lit,Normal,Vehicle with vehicle collision,Stopping,Not a Pedestrian,Overtaking,2
Under 18,Male,Junior high school,Employee,1-2yr,other,Crossing,Asphalt roads,Daylight,Normal,Vehicle with vehicle collision,Turnover,Not a Pedestrian,Driving carelessly,2
18-30,Male,Above high school,Owner,1-2yr,Undivided Two way,No junction,Asphalt roads,Daylight,Normal,Vehicle with vehicle collision,Getting off,Not a Pedestrian,Driving under the influence of drugs,2
18-30,Male,Above high school,Employee,No Licence,Undivided Two way,Crossing,Asphalt roads,Daylight,Normal,Vehicle with vehicle collision,Moving Backward,Not a Pedestrian,Moving Backward,2
18-30,Male,Junior high school,Employee,1-2yr,Double carriageway (median),Crossing,Asphalt roads,Daylight,Normal,Vehicle with vehicle collision,Moving Backward,Not a Pedestrian,Overturning,2
31-50,Male,Junior high school,Employee,5-10yr,other,Other,Asphalt roads,Daylight,Normal,Vehicle with vehicle collision,Going straight,Not a Pedestrian,Driving under the influence of drugs,2
Over 51,Male,Junior high school,Employee,Above 10yr,Two-way (divided with broken lines road marking),Other,Asphalt roads,Daylight,Normal,Vehicle with vehicle collision,Turnover,Not a Pedestrian,Changing lane to the right,2
31-50,Male,Junior high school,Employee,Above 10yr,other,Y Shape,Asphalt roads,Daylight,Normal,Vehicle with vehicle collision,Going straight,Not a Pedestrian,Changing lane to the left,2
31-50,Male,Junior high school,Owner,5-10yr,other,Y Shape,Asphalt roads,Daylight,Normal,Collision with roadside objects,Going straight,Not a Pedestrian,No distancing,2
Over 51,Male,Elementary school,Employee,2-5yr,Two-way (divided with broken lines road marking),Y Shape,Asphalt roads,Daylight,Normal,Vehicle with vehicle collision,U-Turn,Not a Pedestrian,No distancing,2
Over 51,Male,Junior high school,Employee,2-5yr,other,Y Shape,Asphalt roads,Daylight,Normal,Collision with roadside objects,Going straight,Not a Pedestrian,No priority to vehicle,2
31-50,Male,Junior high school,Employee,Below 1yr,Undivided Two way,Y Shape,Asphalt roads,Daylight,Normal,Vehicle with vehicle collision,Going straight,Not a Pedestrian,Moving Backward,2
18-30,Male,Junior high school,Employee,2-5yr,Undivided Two way,No junction,Asphalt roads,Daylight,Normal,Vehicle with vehicle collision,U-Turn,Crossing from nearside - masked by parked or statioNot a Pedestrianry vehicle,Moving Backward,1
31-50,Male,Junior high school,Employee,2-5yr,Two-way (divided with broken lines road marking),Crossing,Asphalt roads,Daylight,Normal,,Stopping,Not a Pedestrian,Getting off the vehicle improperly,2
18-30,Male,Elementary school,Employee,5-10yr,Undivided Two way,Y Shape,Asphalt roads,Daylight,Normal,Collision with pedestrians,Going straight,Not a Pedestrian,Changing lane to the left,2
18-30,Male,Junior high school,Employee,Above 10yr,Double carriageway (median),Y Shape,Asphalt roads,Daylight,Normal,Vehicle with vehicle collision,Moving Backward,Not a Pedestrian,Changing lane to the left,2
31-50,Male,,,,other,Y Shape,Asphalt roads,Daylight,Normal,Vehicle with vehicle collision,Getting off,Not a Pedestrian,No priority to vehicle,2
31-50,Male,Junior high school,Employee,2-5yr,Two-way (divided with broken lines road marking),Y Shape,Asphalt roads,Daylight,Normal,Vehicle with vehicle collision,Going straight,Not a Pedestrian,Changing lane to the right,2
18-30,Male,Junior high school,Employee,5-10yr,Two-way (divided with broken lines road marking),Y Shape,Asphalt roads,Daylight,Normal,Collision with pedestrians,Going straight,Not a Pedestrian,Changing lane to the right,2
18-30,Male,Above high school,Employee,2-5yr,Undivided Two way,Y Shape,Asphalt roads,Daylight,Normal,Collision with roadside objects,Turnover,Not a Pedestrian,Driving carelessly,2
18-30,Male,,,,Undivided Two way,Y Shape,Asphalt roads,Daylight,Normal,,Moving Backward,Not a Pedestrian,Changing lane to the left,2
31-50,Male,,Employee,1-2yr,Undivided Two way,Y Shape,Asphalt roads,Daylight,Normal,Vehicle with vehicle collision,Going straight, or other,Changing lane to the right,1
31-50,Female,Junior high school,Employee,2-5yr,Two-way (divided with broken lines road marking),Other,Asphalt roads,Daylight,Normal,,Moving Backward,Not a Pedestrian,Driving under the influence of drugs,1
18-30,Male,Junior high school,Employee,Above 10yr,other,Other,Asphalt roads,Daylight,Normal,,Going straight,Not a Pedestrian,Driving carelessly,2
31-50,Male,Junior high school,Employee,Below 1yr,,No junction,Asphalt roads,Daylight,Normal,,,Not a Pedestrian,No distancing,2
,Male,Junior high school,Employee,2-5yr,Double carriageway (median),No junction,Asphalt roads,Daylight,Normal,Vehicle with vehicle collision,Going straight,Not a Pedestrian,No priority to vehicle,2
18-30,Male,Junior high school,Employee,Below 1yr,Two-way (divided with broken lines road marking),,Asphalt roads,Daylight,Normal,Vehicle with vehicle collision,,Not a Pedestrian,No priority to vehicle,2
31-50,Male,High school,Employee,5-10yr,Two-way (divided with broken lines road marking),,Asphalt roads,Daylight,Normal,Collision with roadside objects,Going straight,Not a Pedestrian,No priority to vehicle,2
31-50,Male,Above high school,Employee,1-2yr,Two-way (divided with broken lines road marking),Y Shape,Asphalt roads,Daylight,Normal,Collision with roadside objects,,Not a Pedestrian,Changing lane to the left,2
18-30,Male,Junior high school,Employee,Below 1yr,,Y Shape,Asphalt roads,Daylight,Normal,Vehicle with vehicle collision,Going straight,Not a Pedestrian,Moving Backward,2
18-30,Male,,,,Two-way (divided with broken lines road marking),Y Shape,Asphalt roads,Daylight,Normal,Vehicle with vehicle collision,Going straight,Not a Pedestrian,Driving carelessly,2
18-30,Male,High school,Employee,Below 1yr,Double carriageway (median),No junction,Asphalt roads,Daylight,Normal,Vehicle with vehicle collision,Going straight,Not a Pedestrian,Driving under the influence of drugs,2
31-50,Female,High school,Employee,Below 1yr,Two-way (divided with broken lines road marking),Crossing,Asphalt roads,Daylight,Normal,Vehicle with vehicle collision,Going straight,Not a Pedestrian,Changing lane to the right,2
31-50,Female,,,,Undivided Two way,Crossing,Asphalt roads,Daylight,Normal,Vehicle with vehicle collision,Going straight,Not a Pedestrian,No priority to vehicle,2
31-50,Male,High school,Employee,2-5yr,Two-way (divided with broken lines road marking),Y Shape,Asphalt roads,Daylight,Normal,Rollover,Other,Not a Pedestrian,Changing lane to the right,2
,Male,Junior high school,Employee,Above 10yr,,,Asphalt roads,Darkness - lights lit,Normal,Vehicle with vehicle collision,Other,Not a Pedestrian,Driving to the left,1
,Male,Junior high school,Employee,Above 10yr,Two-way (divided with broken lines road marking),,Asphalt roads,Darkness - lights lit,Normal,Collision with roadside objects,Going straight,Crossing from nearside - masked by parked or statioNot a Pedestrianry vehicle,Moving Backward,1
18-30,Male,Junior high school,Employee,5-10yr,Two-way (divided with broken lines road marking),Y Shape,Asphalt roads,Daylight,Normal,Collision with pedestrians,Going straight,Not a Pedestrian,No priority to vehicle,2
18-30,Male,Junior high school,Employee,1-2yr,Two-way (divided with broken lines road marking),Y Shape,Asphalt roads,Daylight,Normal,Vehicle with vehicle collision,Getting off,Not a Pedestrian,No distancing,2
18-30,Male,,Employee,Below 1yr,Two-way (divided with broken lines road marking),No junction,Asphalt roads,Daylight,Normal,Vehicle with vehicle collision,Going straight,Not a Pedestrian,Driving carelessly,2
31-50,Male,Junior high school,Employee,Below 1yr,Two-way (divided with broken lines road marking),Y Shape,Asphalt roads,Darkness - lights lit,Normal,Vehicle with vehicle collision,Going straight,Not a Pedestrian,Changing lane to the left,2
31-50,Male,High school,Employee,2-5yr,Double carriageway (median),Y Shape,Asphalt roads,Darkness - lights lit,Normal,Vehicle with vehicle collision,Going straight,Not a Pedestrian,No priority to vehicle,2
31-50,Male,Junior high school,Owner,1-2yr,Undivided Two way,Y Shape,Asphalt roads,Daylight,Normal,Vehicle with vehicle collision,Going straight,Not a Pedestrian,No priority to vehicle,1
31-50,Male,Junior high school,Employee,5-10yr,Two-way (divided with broken lines road marking),Y Shape,Asphalt roads,Daylight,Normal,Vehicle with vehicle collision,Going straight,Not a Pedestrian,No distancing,1
31-50,Male,Elementary school,Employee,2-5yr,Two-way (divided with broken lines road marking),Y Shape,Asphalt roads,Daylight,Normal,Vehicle with vehicle collision,Getting off,Not a Pedestrian,Driving to the left,2
31-50,Male,Elementary school,Owner,5-10yr,,Y Shape,Asphalt roads,Daylight,Normal,Collision with roadside objects,Going straight,Not a Pedestrian,Driving carelessly,2
31-50,Male,Junior high school,Employee,Above 10yr,Undivided Two way,Y Shape,Asphalt roads,Darkness - lights lit,Normal,Rollover,Going straight,Not a Pedestrian,Driving carelessly,0
31-50,Male,Junior high school,Employee,5-10yr,Two-way (divided with broken lines road marking),Y Shape,Asphalt roads,Daylight,Normal,Vehicle with vehicle collision,Other,Not a Pedestrian,Changing lane to the right,2
31-50,Male,High school,Employee,5-10yr,other,Y Shape,Asphalt roads,Daylight,Normal,Collision with pedestrians,Going straight,Not a Pedestrian,Driving carelessly,2
18-30,Male,Junior high school,Employee,5-10yr,other,Y Shape,Asphalt roads,Daylight,Normal,Vehicle with vehicle collision,Going straight,Not a Pedestrian,Changing lane to the left,2
18-30,Male,Junior high school,Employee,Above 10yr,Undivided Two way,O Shape,Asphalt roads,Daylight,Normal,Vehicle with vehicle collision,Going straight,Not a Pedestrian,Driving carelessly,2
18-30,Male,Junior high school,,1-2yr,Two-way (divided with broken lines road marking),O Shape,Asphalt roads,Daylight,Normal,Collision with pedestrians,Going straight,Not a Pedestrian,Driving carelessly,2
31-50,Male,Junior high school,Employee,2-5yr,One way,O Shape,Asphalt roads,Daylight,Raining,Collision with pedestrians,Going straight,Not a Pedestrian,Driving under the influence of drugs,0
Over 51,Male,Junior high school,Employee,1-2yr,Two-way (divided with broken lines road marking),No junction,,Daylight,Raining,Vehicle with vehicle collision,Reversing,Not a Pedestrian,Driving carelessly,0
31-50,Male,,,,Undivided Two way,Y Shape,Asphalt roads,Daylight,Raining,Vehicle with vehicle collision,Other,Not a Pedestrian,No distancing,0
31-50,Male,Elementary school,Employee,5-10yr,Undivided Two way,Y Shape,Asphalt roads,Daylight,Raining,Vehicle with vehicle collision,Going straight,Not a Pedestrian,Driving carelessly,0
18-30,Male,Junior high school,Employee,5-10yr,Two-way (divided with broken lines road marking),Y Shape,Asphalt roads,Daylight,Normal,Vehicle with vehicle collision,Going straight,Not a Pedestrian,Driving to the left,2
18-30,Male,Junior high school,Employee,Above 10yr,Two-way (divided with broken lines road marking),Y Shape,Asphalt roads,Daylight,Normal,Vehicle with vehicle collision,Going straight,Not a Pedestrian,Overtaking,2
18-30,Male,Junior high school,Employee,2-5yr,Undivided Two way,No junction,Asphalt roads,Daylight,Normal,Collision with roadside objects,Going straight,Not a Pedestrian,No distancing,2
18-30,Male,Junior high school,Owner,Above 10yr,Undivided Two way,No junction,Asphalt roads,Daylight,Raining,Vehicle with vehicle collision,Going straight,Not a Pedestrian,Driving carelessly,2
Over 51,Male,Junior high school,Employee,2-5yr,Two-way (divided with broken lines road marking),No junction,Asphalt roads,Darkness - lights lit,Other,Vehicle with vehicle collision,Going straight,Not a Pedestrian,No priority to vehicle,2
Over 51,Male,Elementary school,Other,5-10yr,Two-way (divided with broken lines road marking),Y Shape,Asphalt roads,Darkness - lights lit,Other,Vehicle with vehicle collision,Going straight,Not a Pedestrian,No priority to vehicle,2
18-30,Male,Elementary school,Employee,5-10yr,other,Y Shape,Asphalt roads,Daylight,Normal,Vehicle with vehicle collision,Going straight,Not a Pedestrian,No priority to vehicle,2
31-50,Male,Junior high school,,5-10yr,Two-way (divided with broken lines road marking),Y Shape,Asphalt roads,Daylight,Normal,Vehicle with vehicle collision,Going straight,Not a Pedestrian,No priority to vehicle,2
18-30,Male,Junior high school,Employee,5-10yr,Double carriageway (median),Y Shape,Asphalt roads,Daylight,Raining,Vehicle with vehicle collision,Moving Backward,Not a Pedestrian,No distancing,2
18-30,Male,Elementary school,Employee,Above 10yr,One way,Y Shape,Asphalt roads,Daylight,Raining,Vehicle with vehicle collision,Moving Backward,Not a Pedestrian,Moving Backward,2
18-30,Male,Junior high school,,Below 1yr,Undivided Two way,Y Shape,Asphalt roads,Daylight,Normal,Vehicle with vehicle collision,Turnover,Not a Pedestrian,No distancing,2
31-50,Male,Junior high school,Employee,5-10yr,Undivided Two way,No junction,Asphalt roads,Daylight,Normal,Vehicle with vehicle collision,Other,Not a Pedestrian,Changing lane to the left,2
18-30,Male,Elementary school,Employee,1-2yr,One way,No junction,Asphalt roads,Daylight,Normal,Vehicle with vehicle collision,Other,Not a Pedestrian,Changing lane to the left,2
31-50,Male,,,,Undivided Two way,Y Shape,Asphalt roads,Daylight,Normal,Vehicle with vehicle collision,Going straight,Not a Pedestrian,No priority to pedestrian,2
18-30,Male,Junior high school,Employee,Above 10yr,Undivided Two way,Y Shape,Asphalt roads,Daylight,Normal,Vehicle with vehicle collision,Going straight,Not a Pedestrian,Moving Backward,2
31-50,Male,High school,Owner,2-5yr,Undivided Two way,O Shape,Asphalt roads,Daylight,Normal,Vehicle with vehicle collision,Other,Not a Pedestrian,Changing lane to the left,2
18-30,Male,Junior high school,Employee,1-2yr,Two-way (divided with broken lines road marking),O Shape,Asphalt roads,Daylight,Normal,Vehicle with vehicle collision,Other,Not a Pedestrian,No distancing,1
Over 51,Male,Junior high school,Employee,1-2yr,Two-way (divided with broken lines road marking),Y Shape,Asphalt roads,Daylight,Normal,Vehicle with vehicle collision,Going straight,Not a Pedestrian,No priority to vehicle,2
Over 51,Male,Above high school,Owner,2-5yr,Two-way (divided with broken lines road marking),Y Shape,Asphalt roads,Daylight,Normal,Collision with roadside objects,Reversing,Not a Pedestrian,Changing lane to the right,2
Over 51,Male,,,,Undivided Two way,No junction,Asphalt roads,Daylight,Normal,Vehicle with vehicle collision,Other,Not a Pedestrian,No distancing,2
31-50,Male,Elementary school,Owner,2-5yr,Undivided Two way,No junction,Asphalt roads,Daylight,Normal,Vehicle with vehicle collision,Turnover,Not a Pedestrian,No distancing,2
31-50,Male,Junior high school,Employee,1-2yr,Undivided Two way,No junction,Asphalt roads,Daylight,Normal,Vehicle with vehicle collision,Going straight,Not a Pedestrian,Getting off the vehicle improperly,2
18-30,Male,,Owner,5-10yr,Undivided Two way,No junction,Asphalt roads,Daylight,Normal,Vehicle with vehicle collision,Going straight,Not a Pedestrian,No priority to pedestrian,2
31-50,Male,Junior high school,Employee,Below 1yr,other,Y Shape,Asphalt roads,Daylight,Normal,Collision with pedestrians,Going straight,Not a Pedestrian,Changing lane to the left,2
Over 51,Male,Junior high school,Employee,2-5yr,Undivided Two way,Y Shape,Asphalt roads,Daylight,Raining,Vehicle with vehicle collision,Going straight,Not a Pedestrian,No distancing,2
18-30,Male,Junior high school,Employee,5-10yr,Undivided Two way,Y Shape,Asphalt roads,Daylight,Raining,Vehicle with vehicle collision,Going straight,Not a Pedestrian,Driving carelessly,2
18-30,Male,Junior high school,Employee,Above 10yr,other,Y Shape,Gravel roads,Daylight,Raining,Vehicle with vehicle collision,Going straight,Not a Pedestrian,No distancing,2
31-50,Male,Elementary school,Employee,2-5yr,One way,Y Shape,Asphalt roads,Daylight,Raining,Vehicle with vehicle collision,Going straight,Not a Pedestrian,Changing lane to the right,2
31-50,Male,Elementary school,Owner,Above 10yr,Undivided Two way,Y Shape,Asphalt roads,Daylight,Normal,Vehicle with vehicle collision,Going straight,Not a Pedestrian,Overtaking,1
31-50,Male,Junior high school,Employee,1-2yr,Undivided Two way,Y Shape,Asphalt roads,Daylight,,Vehicle with vehicle collision,Going straight,Not a Pedestrian,Driving carelessly,1
31-50,Male,Junior high school,Employee,5-10yr,Two-way (divided with broken lines road marking),Y Shape,Asphalt roads,Darkness - no lighting,Raining,Vehicle with vehicle collision,Other,Not a Pedestrian,Moving Backward,1
31-50,Male,Junior high school,Employee,2-5yr,other,Crossing,Asphalt roads,Daylight,Normal,Vehicle with vehicle collision,Going straight,Not a Pedestrian,No distancing,2
18-30,Male,Junior high school,Employee,2-5yr,Two-way (divided with broken lines road marking),Other,Asphalt roads,Daylight,Normal,Collision with pedestrians,Going straight,Not a Pedestrian,Overtaking,2
18-30,Male,Junior high school,Employee,2-5yr,Two-way (divided with broken lines road marking),Other,Asphalt roads,Daylight,Normal,Vehicle with vehicle collision,Moving Backward,Not a Pedestrian,Driving carelessly,2
18-30,Male,Junior high school,Employee,2-5yr,Undivided Two way,Other,Asphalt roads,Daylight,Normal,Vehicle with vehicle collision,Going straight,Not a Pedestrian,Driving carelessly,2
31-50,Male,Junior high school,Employee,Above 10yr,Undivided Two way,Other,Asphalt roads,Daylight,Normal,Vehicle with vehicle collision,Moving Backward,Not a Pedestrian,Moving Backward,2
18-30,Male,Junior high school,Employee,Above 10yr,other,No junction,Asphalt roads with some distress,Darkness - lights lit,Normal,Vehicle with vehicle collision,Other,Not a Pedestrian,Driving carelessly,2
31-50,Female,Elementary school,Employee,5-10yr,other,No junction,Asphalt roads,Darkness - lights lit,Normal,Collision with roadside objects,Going straight,Not a Pedestrian,Driving to the left,2
18-30,Male,,Employee,,Two-way (divided with broken lines road marking),No junction,Asphalt roads,Daylight,Normal,Vehicle with vehicle collision,Reversing,Not a Pedestrian,Changing lane to the left,1
31-50,Male,,Employee,2-5yr,Undivided Two way,No junction,Asphalt roads,Daylight,Normal,Vehicle with vehicle collision,Going straight,Not a Pedestrian,No distancing,2
,Male,Elementary school,Employee,5-10yr,Two-way (divided with broken lines road marking),No junction,Asphalt roads,Daylight,Normal,Vehicle with vehicle collision,Other,Not a Pedestrian,No distancing,2
Over 51,Male,Junior high school,Employee,5-10yr,Two-way (divided with broken lines road marking),No junction,Asphalt roads,Daylight,Normal,Vehicle with vehicle collision,Other,Not a Pedestrian,Changing lane to the right,1
18-30,Female,Junior high school,Employee,Above 10yr,Undivided Two way,No junction,Asphalt roads,Darkness - lights lit,Normal,Vehicle with vehicle collision,Other,Not a Pedestrian,Driving under the influence of drugs,2
18-30,Male,Junior high school,Employee,5-10yr,Undivided Two way,O Shape,Asphalt roads,Darkness - lights lit,Normal,Vehicle with vehicle collision,Stopping,Crossing from nearside - masked by parked or statioNot a Pedestrianry vehicle,Changing lane to the right,2